{
  "success_rate": 1.0,
  "mean_t_res_ms": 1653.1957709999006,
  "mean_t_e2e_ms": 1824.890369999821,
  "mean_soc_ratio": 1.0,
  "mean_makespan": 12.09
}